rating,review
2.9,"Just alright. Probably wouldn’t get it again."
1.0,"Terrible quality. Avoid at all costs."
5.0,"Outstanding! Exceeded my expectations in every way."
3.7,"Worked just as described. Good support team too."
3.6,"Met expectations. Good for the price."
5.0,"Best purchase I've made this year!"
4.6,"Fantastic product and fast shipping."
4.0,"Worked just as described. Good support team too."
4.0,"Worked just as described. Good support team too."
3.9,"Good product, slightly overpriced."
3.9,"Met expectations. Good for the price."
1.8,"Nothing like what was advertised. Poor quality."
1.0,"Garbage. Would never buy again."
1.0,"Garbage. Would never buy again."
1.0,"Garbage. Would never buy again."
3.7,"Very satisfied, just a small flaw but overall excellent."
2.7,"Decent item, nothing special but works as advertised."
5.0,"Top-notch quality. Worth every cent."
1.9,"Quality isn’t good enough."
2.8,"Serviceable but not exciting."
1.9,"Poor design. Not what I expected."
4.7,"Best purchase I've made this year!"
3.6,"Looks good and works well."
2.9,"Pretty good but packaging could be improved."
1.0,"Garbage. Would never buy again."
4.6,"Perfect! Just what I needed."
4.0,"Very satisfied, just a small flaw but overall excellent."
1.0,"Terrible quality. Avoid at all costs."
3.6,"Quite happy. Performs well as described."
2.0,"Total letdown. Bad experience overall."
4.6,"Outstanding! Exceeded my expectations in every way."
1.0,"Truly terrible experience."
1.0,"Truly terrible experience."
4.8,"Outstanding! Exceeded my expectations in every way."
1.0,"Garbage. Would never buy again."
4.6,"Fantastic product and fast shipping."
2.8,"Fairly mediocre. Didn’t live up to the hype."
3.9,"Solid product. Minor issues but still great."
2.8,"Fairly mediocre. Didn’t live up to the hype."
5.0,"Outstanding! Exceeded my expectations in every way."
1.0,"Awful. Completely useless and a waste of money."
1.0,"Truly terrible experience."
2.0,"Very disappointing. It broke after one use."
1.8,"Looks good, works poorly."
1.9,"Nothing like what was advertised. Poor quality."
4.7,"Fantastic product and fast shipping."
4.6,"Outstanding! Exceeded my expectations in every way."
1.8,"Nothing like what was advertised. Poor quality."
1.8,"Cheaply made and not worth it."
3.8,"Good quality and fast delivery. Will order again."
1.0,"Truly terrible experience."
2.8,"Pretty good but packaging could be improved."
1.8,"Disappointed with the durability."
2.8,"Decent item, nothing special but works as advertised."
1.9,"Very disappointing. It broke after one use."
2.6,"Satisfactory but could be better."
4.8,"Couldn’t be happier. Flawless experience."
1.9,"Quality isn’t good enough."
4.9,"Highly recommend it. Great value for money."
3.7,"Looks good and works well."
1.0,"Absolutely useless. Waste of time and money."
1.6,"Nothing like what was advertised. Poor quality."
1.0,"Defective product. Didn’t work at all."
1.8,"Very disappointing. It broke after one use."
2.7,"It's okay. Some flaws, but usable."
2.7,"It’s fine. Had some issues but got it working."
1.9,"Garbage. Don’t waste your money."
2.8,"Satisfactory but could be better."
3.8,"Delivered what it promised. Nice experience."
2.8,"Okay product, expected better."
2.9,"Satisfactory but could be better."
1.8,"Cheaply made and not worth it."
1.6,"Very disappointing. It broke after one use."
3.9,"Good product, slightly overpriced."
4.8,"Excellent. Will recommend to friends."
4.6,"Amazing quality and performance!"
2.8,"Average quality. Kind of expected more."
4.0,"Good quality and fast delivery. Will order again."
1.8,"Total letdown. Bad experience overall."
4.6,"Best purchase I've made this year!"
2.7,"Just alright. Probably wouldn’t get it again."
4.7,"Excellent. Will recommend to friends."
1.0,"Terrible quality. Avoid at all costs."
4.7,"Fantastic product and fast shipping."
1.0,"So bad it should be illegal."
1.6,"Total letdown. Bad experience overall."
1.0,"Product broke immediately. Don’t buy."
2.6,"Satisfactory but could be better."
4.7,"Perfect! Just what I needed."
1.9,"Garbage. Don’t waste your money."
3.8,"Looks good and works well."
2.6,"Just alright. Probably wouldn’t get it again."
1.0,"So bad it should be illegal."
2.7,"Fairly mediocre. Didn’t live up to the hype."
3.7,"Very satisfied, just a small flaw but overall excellent."
3.7,"Very satisfied, just a small flaw but overall excellent."
1.7,"Cheaply made and not worth it."
1.0,"Truly terrible experience."
3.0,"It’s fine. Had some issues but got it working."
1.0,"Terrible quality. Avoid at all costs."
3.9,"Good quality and fast delivery. Will order again."
1.0,"Garbage. Would never buy again."
4.6,"Outstanding! Exceeded my expectations in every way."
1.0,"Awful. Completely useless and a waste of money."
3.8,"Well-built and reliable."
1.7,"Disappointed with the durability."
1.0,"One of the worst purchases I’ve made."
4.7,"Really liked it! Will definitely buy again."
1.0,"Didn't work, poor build."
3.9,"Worked just as described. Good support team too."
4.8,"Couldn’t be happier. Flawless experience."
3.9,"Delivered what it promised. Nice experience."
4.7,"Top-notch quality. Worth every cent."
3.6,"Good quality and fast delivery. Will order again."
4.7,"Highly recommend it. Great value for money."
1.0,"Awful. Completely useless and a waste of money."
1.8,"Not great—okay for the price but wouldn’t buy again."
2.6,"Serviceable but not exciting."
1.6,"Nothing like what was advertised. Poor quality."
1.0,"Absolutely useless. Waste of time and money."
3.8,"Well-built and reliable."
4.8,"Perfect! Just what I needed."
2.6,"It’s fine. Had some issues but got it working."
3.7,"Worked just as described. Good support team too."
4.7,"Perfect! Just what I needed."
2.0,"Garbage. Don’t waste your money."
4.9,"Really liked it! Will definitely buy again."
1.0,"Absolutely useless. Waste of time and money."
2.7,"Fairly mediocre. Didn’t live up to the hype."
2.9,"It’s fine. Had some issues but got it working."
3.9,"Solid product. Minor issues but still great."
4.6,"Outstanding! Exceeded my expectations in every way."
1.0,"Truly terrible experience."
1.0,"Truly terrible experience."
3.8,"Well-built and reliable."
2.8,"Fairly mediocre. Didn’t live up to the hype."
1.6,"Garbage. Don’t waste your money."
1.0,"Defective product. Didn’t work at all."
2.7,"Just alright. Probably wouldn’t get it again."
2.7,"Satisfactory but could be better."
2.8,"Satisfactory but could be better."
2.6,"Fairly mediocre. Didn’t live up to the hype."
3.8,"Very satisfied, just a small flaw but overall excellent."
4.7,"Best purchase I've made this year!"
4.7,"Perfect! Just what I needed."
3.8,"Worked just as described. Good support team too."
3.6,"Looks good and works well."
2.0,"Disappointed with the durability."
3.8,"Met expectations. Good for the price."
4.6,"Top-notch quality. Worth every cent."
1.0,"Garbage. Would never buy again."
1.0,"Absolutely useless. Waste of time and money."
1.7,"Disappointed with the durability."
1.0,"Defective product. Didn’t work at all."
4.9,"Best purchase I've made this year!"
3.9,"Very satisfied, just a small flaw but overall excellent."
4.8,"Fantastic product and fast shipping."
1.0,"Didn't work, poor build."
3.7,"Met expectations. Good for the price."
4.8,"Really liked it! Will definitely buy again."
1.0,"Absolutely useless. Waste of time and money."
1.0,"Awful. Completely useless and a waste of money."
4.0,"Good quality and fast delivery. Will order again."
2.6,"Serviceable but not exciting."
2.7,"Just alright. Probably wouldn’t get it again."
2.0,"Nothing like what was advertised. Poor quality."
2.8,"Satisfactory but could be better."
1.7,"Looks good, works poorly."
2.6,"It’s fine. Had some issues but got it working."
4.8,"Amazing quality and performance!"
1.0,"Truly terrible experience."
1.0,"Product broke immediately. Don’t buy."
1.0,"Didn't work, poor build."
1.9,"Nothing like what was advertised. Poor quality."
1.0,"One of the worst purchases I’ve made."
3.0,"Serviceable but not exciting."
4.6,"Really liked it! Will definitely buy again."
2.7,"Fairly mediocre. Didn’t live up to the hype."
2.7,"Serviceable but not exciting."
1.6,"Cheaply made and not worth it."
3.0,"It’s fine. Had some issues but got it working."
2.6,"Average quality. Kind of expected more."
2.8,"It’s fine. Had some issues but got it working."
3.6,"Good quality and fast delivery. Will order again."
1.0,"Didn't work, poor build."
4.8,"Perfect! Just what I needed."
4.9,"Best purchase I've made this year!"
2.6,"It’s fine. Had some issues but got it working."
5.0,"Excellent. Will recommend to friends."
1.7,"Cheaply made and not worth it."
3.8,"Good product, slightly overpriced."
2.7,"Satisfactory but could be better."
4.8,"Best purchase I've made this year!"
3.9,"Quite happy. Performs well as described."
1.8,"Not great—okay for the price but wouldn’t buy again."
1.8,"Not great—okay for the price but wouldn’t buy again."
4.7,"Amazing quality and performance!"
1.0,"Truly terrible experience."
4.9,"Really liked it! Will definitely buy again."
1.7,"Poor design. Not what I expected."