user,email,password
atineman0,amurr0@google.com.br,xF9\*`/&7zlj
rsturdey1,hbercevelo1@vinaora.com,"eN0""\oEI7kc_8"
fmangion2,tpendleberry2@squidoo.com,"iR5$q{m8g,H3"
mitzakson3,sgerber3@businesswire.com,xP5%Yg2Ln*XZMs
cambrosini4,ucearley4@wisc.edu,lK9@h4IW_2P>T/
pgleadhall5,edyerson5@yellowbook.com,dL6#V74Q!O`5L+nU
flunny6,gcorsar6@china.com.cn,qU2|*6SXks8N
ccoke7,pblesli7@illinois.edu,fC5=VDnkvfmvh`mA
rfredi8,dmolyneaux8@nba.com,mP3}$\ExE
hlindstedt9,bfindlow9@adobe.com,pM1?Na{=v5#\Jgc
mcleverlya,lmcgarviea@tinypic.com,qK6)J.|\sxSHro
adufrayb,ggrangerb@acquirethisname.com,"tA6&e,$?oq?Qr"
dbowenc,rmcgivenc@blinklist.com,gP0{XDjzzo\a*
fnervald,gtailbyd@sbwire.com,iK1>meX'
wemminese,jockwelle@hao123.com,sW5+I{3c#dYhg
tsigginf,asimonotf@discuz.net,"kM6}_P=u},5}%7"
mitzhayekg,wgrealyg@wikispaces.com,cR1=GLiHo
ldebruyneh,ewaudbyh@canalblog.com,vV7{@.?r*p03sa%`
gmccuskeri,vsiemensi@lulu.com,sY4((sz_
kricksonj,fcupittj@amazonaws.com,iQ2?SER7~2Q
karmytagek,mhurlk@mashable.com,tP0~Vrt29Qe
crozsal,cmontell@howstuffworks.com,hZ7#J(VM
rpawelkem,kbrunetonm@cornell.edu,hW2<i%ca_NxRQ4J
rmontrosen,aconlaundn@goo.ne.jp,xY1<'mdk&3|t>
hblesingo,lparisoo@japanpost.jp,"gP0(N""L>gj""""S"
jsinnattp,mpredohlp@ucoz.com,jO8(m`2.i@q@
klamlinq,dwhaphamq@bandcamp.com,nL7!62(7
kgeipelr,etungater@pen.io,vP9>9my`
bivanchins,fpurvesss@hc360.com,tY5%PmFQk6d|fh
lwyetht,lbuckamt@kickstarter.com,fT3.jygx'E
rmansfordu,nmathysu@miitbeian.gov.cn,nJ6!FaAJlX1X
jspittlesv,jbisleyv@dailymotion.com,"yS4\>>!flUwT>,@R"
aclawsonw,rkummerlowew@businessinsider.com,"cH7`f`U,4=@BH#"
mfollosx,mjancsox@opera.com,fN1/?$t*3tcHmN`
tarchbaldy,ayoxeny@digg.com,hW1=73q)ptN*~
avandenveldenz,khachettez@opera.com,fG5/f340Wy
ocooke10,bwitard10@indiatimes.com,bJ2?PqB=I'bOCY`<
kschowenburg11,rwitcomb11@xinhuanet.com,nX0=Q9mf2NQ
ktyt12,dvarnham12@upenn.edu,eJ9}}1xnd<Uq
mofallone13,amcmoyer13@github.io,yW9}Mo@!b
coakwood14,kfitzsymons14@dyndns.org,mZ2'#r.d%qr
mgocher15,pleban15@ezinearticles.com,"oS4*eGoZ,xM"
bvanni16,arocca16@tamu.edu,nX3=99/db25Yi(
jfreshwater17,lgemlett17@google.ca,tL5*ze&s|
dgromley18,stamsett18@soundcloud.com,cG9{.xzUJz
jfaull19,ealgore19@shinystat.com,yW7+EDV\
fwalsham1a,evankov1a@abc.net.au,bU8}YnbS@J.B$
bminear1b,lmelody1b@altervista.org,"sT2`,s>MxhL8z"
lecclesall1c,kosgardby1c@webs.com,qB3<h1$An
slevet1d,cnurden1d@whitehouse.gov,"kI0,~t_5Q261ukUn"
lvann1e,dreavell1e@moonfruit.com,hI8_>n=U~_
kwotton1f,enozzolii1f@latimes.com,mL9#0TbYB}
mjoanaud1g,gbiddell1g@disqus.com,hH6~M|h/|.UcHL
ldowner1h,monslow1h@usa.gov,wR6~n(QgK!p
pmcdirmid1i,tstoade1i@quantcast.com,tF6\X\@u
rquant1j,gstidever1j@umich.edu,bC4<kA5f}
mcroome1k,ichilds1k@sciencedirect.com,iE8&FMcto(H
etuvey1l,ebrightie1l@oaic.gov.au,uU0$CK*#yJaW2(
lhughf1m,lalger1m@mediafire.com,lY0=C5F@1Hbd\Z)g
ccorstorphine1n,gbyles1n@auda.org.au,cO1\5\{#W$Kfy|7
fcheesman1o,fdreher1o@gmpg.org,aF6)d1c1hXW6wE
pfitzharris1p,hratley1p@godaddy.com,xH4`qL8G)Bx<`p
abaily1q,dthackray1q@tmall.com,zJ3&I@5O
mjaffrey1r,ttoderini1r@dyndns.org,kX4%Z>nsqQf
ldawdry1s,cbolf1s@disqus.com,kL5(A..+r}fTF9Y4
vcamerati1t,mgloucester1t@drupal.org,sO3.kV0M}+CD`B
sbleakley1u,vhulance1u@4shared.com,oC4>Uys5bm{`
nperrot1v,dcoverlyn1v@simplemachines.org,"cQ9>D5(i,o3"
lnorton1w,wsaveall1w@sun.com,"fB7,/'E5s<Vd"
kdriuzzi1x,dbresland1x@skyrock.com,oY0'Q(2Yz
asteffans1y,lnicklen1y@ftc.gov,hB7~.5/Vo/>pS'c
rsummersby1z,tormond1z@samsung.com,tP5.r0WuvXWWTv
ccrocumbe20,kskyrme20@hibu.com,rG9}K$'p.BAgN
oshepperd21,odaniels21@unesco.org,"cH4`,<*t4$rwm="
htutin22,ititlow22@geocities.jp,pJ0/v!Vn}5P3z
hmellor23,dcharnick23@hubpages.com,tC4&kL8.
ggavigan24,cohagerty24@arizona.edu,"lZ4(9C,qmD}E&O~P"
imontford25,gpyffe25@oaic.gov.au,aD5*Hw9F*
tchoudhury26,adarco26@ebay.com,mQ3%y%{w
dobal27,npudsall27@patch.com,"sF9.V~VCg""EB"
gbeards28,bscading28@ycombinator.com,gC1#~0@+
mmunehay29,rscough29@furl.net,"oG3,$QL~/Ar5"
dkirsop2a,amatticci2a@smh.com.au,hY4$&LHz#<j_cHk
dcoryndon2b,btwiname2b@privacy.gov.au,sB8*=HA3lV/s$B
sgoede2c,legginton2c@google.nl,kY8~EF@eR'x@*NM
sdhillon2d,cgerin2d@chron.com,"sI6,G{.2OPvndE"
bmaly2e,vborrie2e@youtu.be,jC3*scgJ&
tpaal2f,jtrewhela2f@mashable.com,"tS2>0,Pm$"
araikes2g,mruggs2g@dyndns.org,oA3(xE+gIi
bmcilwraith2h,hoflaherty2h@tumblr.com,"zY2""96=cy""E"
whundey2i,dmephan2i@homestead.com,bY9$$yCA=D}Mp_
lpendrigh2j,mknighton2j@rambler.ru,"rK7{H&?Wc@3""q,G"
mhuxster2k,cfalconbridge2k@omniture.com,eP8{Mm}N
riowarch2l,lridgedell2l@ovh.net,tK9(51p_OL@N
gwards2m,lrougier2m@examiner.com,"pF9""m~*/{kxHe"
yclaus2n,gbardsley2n@skyrock.com,kA7()sSQe7~+&#E
ljossum2o,ndarrigone2o@census.gov,zU0=vSnCF@
jgerrett2p,dfairburne2p@google.pl,iH2=l??~Xu7F=
cibbs2q,ischinetti2q@foxnews.com,"qS3)AEN""333t5.cc"
gradmore2r,dnewitt2r@networkadvertising.org,aR0#k5>Pu
jcovendon2s,tnasey2s@ft.com,yP8|?f6J
sregis2t,dleathes2t@blogtalkradio.com,"vF1,Ul?O0daZ~"
esaltman2u,mellins2u@soup.io,dX7#CPHUK
ahavelin2v,jcamm2v@prlog.org,rP5\|+CQ.)Zu
arobet2w,cyurivtsev2w@google.fr,oW2}G!IDG>*
kmettericke2x,mrusse2x@epa.gov,vL1`oeM9J`
ddundredge2y,talastair2y@fema.gov,cX0$D~XY0F+w<BCX
drisbrough2z,bciobutaro2z@imageshack.us,qH6(0UiZ|#<l25ji
nawty30,wkasman30@xing.com,"eC7}f8""=WK1"
psheron31,rleaman31@engadget.com,lH6@lXsroO!'0H
dlawton32,vzoellner32@unc.edu,vJ6?u1#s>pS
lbatchelar33,astitwell33@vimeo.com,cQ4.OqyI>
gpoulden34,alarcher34@cbsnews.com,aG8*fG5_7#Nt|fG
alargent35,rferber35@cyberchimps.com,wK3|IcKDrqp
gdeelay36,dfilipowicz36@sakura.ne.jp,"lC0<,xq~"
cfritschel37,cbranchet37@mozilla.com,yD8~bH>DbSr}Jl
nforge38,skensall38@archive.org,cT2.'x<Lt{AzsTY
dsuffe39,pniese39@imgur.com,nX0{q%VoTS\C
htrowsdale3a,ihuguenet3a@slate.com,aC6{0{n2jV64
dmahaffey3b,gfitzroy3b@google.com.hk,pT4<b>hj{ZU@)
ogarnsworthy3c,hpaoli3c@posterous.com,xV1+/qwrv
lfarebrother3d,rlatham3d@time.com,iO1|2?mn4t
fackhurst3e,cfrosdick3e@npr.org,gH8%m$2RfGa?ea8?
pyakubovics3f,gmcmurty3f@apple.com,bP8&j.{t9y=#9YG
gvince3g,tkroger3g@yale.edu,"dR9""#{~wz8_Z"
cdunsmuir3h,tcavey3h@amazon.de,"qP8,K$0|X3wHnd6@"
djessopp3i,bamiss3i@lycos.com,gN4\?V`KKchZn`h
funsworth3j,kmccutcheon3j@economist.com,sT9%Ml&({#
dmusicka3k,fbilbrey3k@prweb.com,"yS6,kg.QhutKMLuI"
eallibone3l,fnel3l@themeforest.net,cU2_O1H'KD4uoFmf
cclubley3m,fscolland3m@google.ca,wJ9.$igMSaxd{Ab~
draatz3n,smackellar3n@businessinsider.com,bC3@Z7XrpNd(
msleany3o,sbabon3o@purevolume.com,"uF2`v0TO&,8"
eadderley3p,gsaltrese3p@comcast.net,"hY9&18n<"""
rtewkesberry3q,gbridgland3q@bloglovin.com,nO2{vBp?5cLYZ?
nlanfer3r,ssalway3r@globo.com,yS9=oI7<W
rbretland3s,ekinnie3s@ezinearticles.com,"cV4\V,IaNCU{?@}"
wsainthill3t,esiley3t@cbc.ca,zL6$N)==KJK
ccraufurd3u,lconnechy3u@surveymonkey.com,gU6$ygHMwcu}\e
cmcvitty3v,sarnholz3v@squidoo.com,"dZ6}c(+6""#l?+'"
cseagood3w,dmatthiesen3w@bbc.co.uk,cK4<ZWKOM5
bbenedek3x,sjouhandeau3x@cam.ac.uk,hG2&nu|c\MrlHASD
bnovis3y,ipendlenton3y@histats.com,lQ8)TLm#}/=%+
tlaxon3z,ejeannenet3z@weather.com,cJ7|6w`HvTa$.'{j
fcaston40,gjereatt40@wufoo.com,zZ4#G\.KtAsJ1
aharmson41,eorman41@mlb.com,mU9+O*{='Oi
ajacobowitz42,bgreetham42@globo.com,zH0`}!gGt
jforkan43,lbarbosa43@yahoo.co.jp,rQ9_+t92@mU<rI
mmasdin44,jcase44@opera.com,"yO7""<'_'x"
fneames45,eshillabeer45@ucsd.edu,jY2#\}rp/?>h'5o
abrome46,ayanez46@canalblog.com,fH9/St/)}
maikman47,vmclenahan47@msu.edu,"kI7,OQX>@"
sdaguanno48,dbritney48@networksolutions.com,"iS9+0f|C4e,2u$E"
arandalston49,gilchenko49@webs.com,nM1`JJ%Hp
kfellibrand4a,sickovicz4a@cnn.com,fT7$%v|o$\E6j
fellam4b,btuther4b@comcast.net,"wK6(mT4Kt,)_T"
lklimkiewich4c,jharriagn4c@nature.com,eK8_$Tmad\9
clockner4d,dbidmead4d@barnesandnoble.com,wF9*(595_.=Nj
ffaulds4e,hhylden4e@theatlantic.com,kO4>KeySo8pD?
mmandel4f,tpeekevout4f@ox.ac.uk,"vY8`h3m>""vNC"
wkitlee4g,cpellant4g@example.com,cE4'N8im
ifilinkov4h,jboscott4h@fema.gov,sS5`+ZoWvL
svuitton4i,tfullalove4i@ed.gov,cJ4@fYvVMi
cextill4j,wlegh4j@hud.gov,"rL3*z""3LYN"
vcorringham4k,bshower4k@yahoo.co.jp,jX9_r)p|qv.\'
aeslie4l,haugur4l@goo.gl,"sT0*U(,qhc7"
uplaide4m,arapkins4m@so-net.ne.jp,eE3>usp>w
ahursthouse4n,ptooze4n@hostgator.com,aU3{!8ZFw
nscoffham4o,mjacobs4o@ask.com,wN5&{5+dmDl4<qX
jpierton4p,kliggett4p@nba.com,uS6_Rxq~Q.7Y3
htebald4q,zblampy4q@youtu.be,"cY5/O*""kMc,"
cparkins4r,vspottswood4r@discuz.net,"vV8!z{y""zv%>SIMj"
rdumke4s,urisom4s@house.gov,pK9`|b&kfBxznJ%'
dchilcotte4t,rbarti4t@nature.com,"yM5@E,gafi"
tzannini4u,kfolling4u@oracle.com,mG1({H%%ahHY/Q~k
kbrade4v,severil4v@free.fr,"pN1,6,AzQ9Rd6"
vrosedale4w,agammack4w@elpais.com,hC7(W_'ioREk5L8X
wconti4x,cglaze4x@indiegogo.com,"yU5@P,1|"
lmulvihill4y,fgreatorex4y@stumbleupon.com,rI4.GnJciu
fcolleck4z,ewraxall4z@tumblr.com,sM3|%zjN6z(TY
alindenman50,upruvost50@google.fr,kO3%_FtU9B1F
wdurdle51,lmettetal51@opensource.org,fO8+9OzCrz
lculverhouse52,igriffithe52@amazon.de,aY8>q7>*~l
vgobourn53,cianittello53@sciencedaily.com,gW3%_x~S!bmy
dbrennan54,bsmedley54@liveinternet.ru,"lX0{i!kJqyU""w"
neads55,esalkeld55@telegraph.co.uk,"xL4%toVG10M,')"
abrisse56,ahussell56@cdc.gov,nX2%x?g##hMK/\
egrafham57,amarklow57@ycombinator.com,wI3!4|L$Uan7
wveighey58,dblick58@princeton.edu,zD8=q.vU4N@X?
vpetrosian59,cbolitho59@indiatimes.com,nK6%Uz45iBw
nportress5a,bsharville5a@admin.ch,pI9>@Gc42#n
ilamasna5b,lnorfolk5b@qq.com,tF2?1Tpj
sloseke5c,rgerard5c@pinterest.com,"mT7,U\lhw?\"
aleyninye5d,kalessandrucci5d@issuu.com,hA6.B>R29
goutram5e,kgroven5e@plala.or.jp,pR1&`.BFE_P~Ysq
byaus5f,sgumley5f@biglobe.ne.jp,pJ0\Z\Urp<
cmcgrory5g,tradloff5g@dell.com,fQ6)XXez`aQ
efrankis5h,mjakubczyk5h@google.it,"vJ7_0fHjAD$O,O%"
mdorrington5i,dlucks5i@jiathis.com,vQ9`y>_BUP
cfrenchum5j,jyesinin5j@wikimedia.org,wG8/ONUr+
sakker5k,jbarkes5k@liveinternet.ru,"sK7,ICSFRgk5fDVw"
acutill5l,bborgnet5l@smh.com.au,oB3|Idcq~LV
oaronstam5m,bekell5m@multiply.com,"sY6`yzZN~VIj|o"""
nbeamish5n,mruddock5n@merriam-webster.com,aJ1>k@7i6
gtoms5o,fdeery5o@dell.com,sE6/Mjbtw6
asporton5p,jboraston5p@va.gov,bQ8`DHbd&9Zx
myakubovics5q,gcrowley5q@blog.com,aC7~E<Daywp
athomassen5r,stestro5r@adobe.com,"uU1|v+cq""Cl_&Lek"
rpenberthy5s,trodenburg5s@tripod.com,"uG1>""$y!EjA#@w"
lmccrainor5t,hbillborough5t@weebly.com,pH7.!&2BJ0#x>>(@
wbeszant5u,apayze5u@independent.co.uk,rW8>CjJGS|'L3|
dhackinge5v,sfeacham5v@youtu.be,iS2>%9_R*?zI?\U?
laggio5w,tjouhning5w@hhs.gov,qO1(b*IxBGswJA~
fpadgett5x,tbraid5x@netvibes.com,"jN7""m1P6r"
kpyzer5y,langlin5y@ebay.co.uk,"qP4#7v!0(U6l,"
ffintoph5z,mlelliott5z@istockphoto.com,xR5+eg~GAn
gmcgettrick60,halmeida60@51.la,gV9&gBUlQgS
dbroodes61,lsiemens61@hibu.com,nB9!4q.n5L#
obrandli62,rcromly62@ucoz.ru,uU4{>j*%cVJHhvqd
jorford63,abrambley63@wikimedia.org,uQ5&ce7q`
lreede64,fvarvell64@alexa.com,dA2.STB*#WbHjtv
atolman65,cfarley65@github.io,tZ0@lp7wu
tdefrain66,fglasspoole66@quantcast.com,"sP6#,RXsw3("
fferreira67,dtrevett67@jimdo.com,wB5|RNkZTclz
jharragin68,liddons68@histats.com,"nQ7""!Jr,}kd1"
nesh69,nbillion69@purevolume.com,oJ1/nb%?
gpreene6a,wlartice6a@meetup.com,"gJ3""IUWm"
bcrack6b,tmirfield6b@illinois.edu,wO4&j/uJ
methridge6c,kfibbens6c@t-online.de,dY3%s%2H+e6
fnerger6d,vpontin6d@t-online.de,oP4!)J%yip
jscraggs6e,bmarciskewski6e@google.fr,dD7/@(S\qWSk<
jpetrescu6f,rdummer6f@multiply.com,xX9|N!j<.EAy/6y{
snusche6g,mdeam6g@netvibes.com,oJ2*`WFBYc\w1?D
erakes6h,edelascy6h@washingtonpost.com,dS1<>?lqEJ+QP%rC
gsmallcombe6i,fofer6i@amazonaws.com,cZ0*LlR`!n|>tv
khulle6j,dbush6j@cafepress.com,rN0_JZOCk
rsheldon6k,tcatherick6k@ucoz.ru,"aZ5(9y0""\"
nizon6l,ldreus6l@narod.ru,zW5<p!>N'NDu
nvalente6m,bhanway6m@upenn.edu,cV9*v({A
rmclennan6n,lbosson6n@weebly.com,fE4||WqeN`H&T/
vgearty6o,cdayborne6o@goodreads.com,"pD8*.i5,4.)gm3Sb"
yrapaport6p,bgedney6p@wsj.com,aO7>*eWZCt
rbonnefin6q,nbolderson6q@dailymotion.com,jZ0{5T4`N~a9nW_a
cdonett6r,ptomek6r@hexun.com,pO8<U1da2hN3s5
iconnell6s,nfranies6s@reference.com,hA8)O\0B
thampshaw6t,gthorntondewhirst6t@w3.org,sJ1#YbQF@O}E36
dstarmore6u,alarsen6u@ca.gov,zD9+GYD0iw+Zef
eocalleran6v,clefley6v@shutterfly.com,"bM5#""|1#UdJp`"
ndewdeny6w,jlangdon6w@google.nl,uH0}O@613
rblanden6x,dtugwell6x@skyrock.com,"gO1,!4l1Y9"
jtrowle6y,tsibylla6y@yelp.com,"yP7*PPy"""
hmcclounan6z,bjohnston6z@ameblo.jp,qB1'(PrG?
lhartfield70,vredbourn70@bbb.org,oC7`J`kn
wbruford71,rkohnert71@myspace.com,"bN9""5ymT}3"
ndrillingcourt72,lbothen72@earthlink.net,pM8/8OIQs4eYNLl|
trubinsky73,edanielsky73@state.gov,oT4~F`\Bv*eqPjs
nsinclair74,bdysart74@mtv.com,lJ6\h&oT*5
fscibsey75,lfarrand75@admin.ch,"xP0}&""z<5~U~h"
cfairweather76,smackonochie76@moonfruit.com,nK6@Z6BEie\6=_
nmedling77,amilkin77@themeforest.net,"tQ2""dv@hJ0ws"
mebourne78,hscheu78@soup.io,mI0<<v1}M@I9
bdootson79,ndebrett79@theglobeandmail.com,fJ9{OxHs
rpettifer7a,dlaverick7a@dell.com,hN8!_Jq~
lmorales7b,kodoherty7b@tiny.cc,"dQ1'0L?!y,"
sstaresmeare7c,tmayoh7c@jalbum.net,cG7+wq'pj
dcooke7d,hmatschek7d@geocities.jp,eD7%a7#A
wcoule7e,dblackah7e@4shared.com,bK3`p<NZ1Kbk*dt
bburden7f,dpoley7f@skyrock.com,"eB6=/wr$6rvDEq,"
gbrunet7g,lriby7g@scribd.com,yU7}gRPA
cmcentee7h,adewerk7h@nps.gov,qP2`LcT<Q$
vchurchard7i,rconklin7i@list-manage.com,yS5+4&AlA7a!)
jguntrip7j,irawe7j@harvard.edu,mH7{B~mCfY/.)6CU
aexroll7k,cmatches7k@yellowbook.com,"tA5,aWqqy5"
dtomicki7l,fmegroff7l@theguardian.com,yK0.{uX\T/S#
rmerveille7m,kreddie7m@behance.net,aN9!|Sa+5
omazzeo7n,dempringham7n@ftc.gov,kF1}|y'A*Rw|3a
gbrackley7o,clestrange7o@tamu.edu,qU6*E<hhR@U
lmack7p,hmcewan7p@unesco.org,jH0?(ooNYyISOX\
gkohneke7q,ddonizeau7q@com.com,tK1@Vduwba8/l
swinward7r,nthornebarrow7r@jimdo.com,kZ3<8bZ05g@+
mdriuzzi7s,rchilds7s@nydailynews.com,"uI7&BEhH',s&"
agislebert7t,cdudding7t@cloudflare.com,cO3?aZS|R6@qf?
jfitzsimons7u,mwestrope7u@google.cn,xA4\QuP>q(_2k1e
tmepham7v,fcainey7v@cnbc.com,"pY1'(E,sSj4"
nklagges7w,menterlein7w@slate.com,cP2@nf0_&W`IJ
hlovel7x,jtrimby7x@newsvine.com,"nI6(@V,s5N`N3"
rdufore7y,hadamovitch7y@blogs.com,xO7/~m\\K$LrPK6
jdearan7z,othomazin7z@tripod.com,zC0~/a7Vp}KrO!4x
ividyapin80,kpenley80@gnu.org,"kW0','/HLAV@.N"
jmacinnes81,mhulme81@oakley.com,aV1'Q)6g)E<U3
hmanilove82,babbett82@etsy.com,pG9!}\\*ha`D
mwaddell83,cmarrison83@goo.gl,mE8<jG(RB&%spr
bdecruce84,psephton84@stumbleupon.com,"tP6@odb&Ep,."
lthomasson85,rbaudacci85@tmall.com,fB7`z5nDF\0
cshires86,jblanchflower86@google.ca,xO0|sq/=mT
ylipp87,edevorill87@slideshare.net,vE0).g#0
dmcnish88,acourteney88@stumbleupon.com,"sD1.R2d,B_"
msorrill89,messeby89@blogtalkradio.com,zW5_.A6Aq
ngreene8a,greame8a@networkadvertising.org,pS8#GfZCoZ_{b?
mkevern8b,tcorless8b@scribd.com,pM3\vD%V}/`h
